Apple 아이폰 13 256GB [자급제],"최저1,149,930원판매처 71",https://cr.shopping.naver.com/adcr.nhn?x=1u3Alw3eZmOvdxQ0OpPEy%2F%2F%2F%2Fw%3D%3Ds6TzoDfl1avPwK%2FhlSJ6C8t%2Fyb0yWz%2BSHAa%2F9MKF1s2AbsBKbbjTB%2BBCjsLv6tz%2BjHDc%2B7WXBSdzHyNQdecUxANw1YUUPdsVFVlqU2uts3WjqupnHaWuI%2FblaMRmzKTLZpyeKspGo9uRG%2Fs1JiH0kwEgAn8lD2%2BxrgblrBqYwPdWug%2B9sjA7rHdeMLkY%2BwIMUQUzDYPs6sIAQ2akrCEq2IDQZD6UDT51Dg8nNb9lI8fV%2BFLPJmN7kd5F0maTGsL0cOBzw1aVR0eWfV98wIs37swbXYxIPgTJ%2Bv2uLpay9ATTIt9ELSj9ZgOwWGT6cXiS3NUJnit2TyE8yh3GxJ0fiPCQzbr0S8RRs35o3OyvWXO7GaXmH%2BUO4alwjX5paTJ0AV36ogsAbT2GMBHUreotiQHfwxLgktma5ZfcuDkvHiT1vkor7Zuq8iK5HvVbEgcfyBHNOS04mwbf2sLSii8Aqp2gJaG758y0HTNixSanYMVwN%2FOXq06xFLlMCwNDQObjPLcqEhOiscytOptfh0D9%2BAvmwtQn%2FLggSv15GGdwwF4dbsqokkEfAIwn7BQD2WH1pv4YGjJCSIW1IvBxXT1wG9yOA8Tp%2B7XQzY7C4jGaiVXkjyM7INDAt1WfCi3xN6xxkhWw3%2BIByOa0jCVNQVnCDoA%3D%3D&nvMid=29029192591&catId=50001519
Apple 아이폰 13 프로 256GB [자급제],"최저1,384,380원판매처 72",https://cr.shopping.naver.com/adcr.nhn?x=6n9wZCN1oFIDWv4m56UKvf%2F%2F%2Fw%3D%3DsPLgql3JR4LlF5X7l%2BqafPDm1RE9z2b4yORVj9izZoH5hJz9H0Ub4KLvuVTVtNMxMear6MLyJBnRO0S7NZabi50LUj%2FKiKMTQ7SSlrCkLQvXrKYJNPr4%2BHv1tJOe5sbgLBjhmLmuAJSw64cQcvLGO8ci30QtKP1mA7BYZPpxeJLexWvZfe2todmJfmpbNrXnq6b4twwZe%2FXnN8SL9cd67Sbix7jXt7MNVc9AIu4EfDZlNEwRr%2B3STfYHGn%2FB5b3e4IAGdniVp3MBLDRJHVTvZhdmbxdQ3i5A4g9ptj4Z2jwpD4P%2Bj2CVvS6QkrpszyaIoCuwrUM2Vi5bq9fxYHuPhKdZq2XOmZ3LpjmR7uKJt2z%2Ff3INR5QTi2O%2BTTSTIXCDfDG4evy%2BM13j64UYOnhTyGcIcyAJuPIKhVwB9tYNp4XYGVJjQOIMS03m13YAnzFDQpOVXrumE0IYWoVbuYGHPlT4OngYKgyg9ZO2oWjkSR%2BrG206zoTJkKRJKeFBLcypkhOBUHb0ZqO6MTkr8MsJnIfNUlTkJrbcQKUGhqI2%2FHS35YSxKnnGbkPXr2nOPk7i1EaThcwm2jOjlPe7qD4n461zWaILIkencsoYaTADZ9Xzzq5Y%2FCIR8yMew5XAS%2BOAEHRyPBWbUFRhWScTsgQynPg%3D%3D&nvMid=29030492586&catId=50001519
Apple 아이폰 13 미니 128GB [자급제],"최저902,500원판매처 146",https://cr.shopping.naver.com/adcr.nhn?x=%2BPwLH27ZoFmg%2F42pFHhzfv%2F%2F%2Fw%3D%3DsoWiZNcnVFkGUhOMOglyTvDAmbvv9CSRZySphbEf9n%2FIbsBKbbjTB%2BBCjsLv6tz%2BjU%2BasHoBRAqvy7A0txESy3vmVa03qk22TPHPKR25k4rXqupnHaWuI%2FblaMRmzKTLZpyeKspGo9uRG%2Fs1JiH0kwEgAn8lD2%2BxrgblrBqYwPdWug%2B9sjA7rHdeMLkY%2BwIMUBsMQtj5XHDJQWXtaIT33czQZD6UDT51Dg8nNb9lI8fV%2BFLPJmN7kd5F0maTGsL0cOBzw1aVR0eWfV98wIs37swbXYxIPgTJ%2Bv2uLpay9ATTIt9ELSj9ZgOwWGT6cXiS3NUJnit2TyE8yh3GxJ0fiPGZTusGZqdmRzOJCgPTEAvMlLTvQHVGaBn8rlyMCo8V2V36ogsAbT2GMBHUreotiQJhMM5JX3M1P1%2BeyTbORDESCkVkEaClGLHiUjF%2BKK7PlBHNOS04mwbf2sLSii8Aqp5QK0GC9q1JIUUXqyu366aVQHd7t8vuFzcCAK5wYxjo7JQ7%2B%2B64EKB%2FCwjrIJoRho4XoysiikCT6LGJBRVNoil6q9wFaP5BkBkSKcSGyW0P7iA3%2FU2AzguC84AnoS7Lq%2BSWLd2ckU%2FpC0sAc6FnojPwwJdaCi%2BhH7Sz6yM2LptJFgqgOvq6z5EpEI5N2xav1Mg%3D%3D&nvMid=29030650586&catId=50001519
Apple 아이폰 13 프로 128GB [자급제],"최저1,254,830원판매처 101",https://cr.shopping.naver.com/adcr.nhn?x=%2BH9Kojz85orff7wEPKg6Xv%2F%2F%2Fw%3D%3DsoUD1tAti6GqORxp9CjZQB%2FN6fWCsyvyUANuNMxJcPHsbsBKbbjTB%2BBCjsLv6tz%2BjeYE9M5BeNNeLFoCPT%2BRv6pPoU3lNnkxTQCVYU8O70IzqupnHaWuI%2FblaMRmzKTLZpyeKspGo9uRG%2Fs1JiH0kwEgAn8lD2%2BxrgblrBqYwPdWug%2B9sjA7rHdeMLkY%2BwIMU07oJ3o0uS6qCsqzVDCUSCzQZD6UDT51Dg8nNb9lI8fV%2BFLPJmN7kd5F0maTGsL0cOBzw1aVR0eWfV98wIs37swbXYxIPgTJ%2Bv2uLpay9ATTIt9ELSj9ZgOwWGT6cXiS3NUJnit2TyE8yh3GxJ0fiPBMZ1yrE71dRWGScjS%2FgvpF2MstAznCqSKwEIMQKWvrRV36ogsAbT2GMBHUreotiQBx%2Bf%2F60zyjfL3TxK1tO%2BjhWUVDx30qyvP0UOpisTKVMBHNOS04mwbf2sLSii8Aqp5Oqo4P%2Fvtch20ezpv9dvrR56ceIBGbBo2QSUgg8Ei2wJQ7%2B%2B64EKB%2FCwjrIJoRho4XoysiikCT6LGJBRVNoil7nOJwRqQLYO3aYBSlK39VwDWrhHEcp0p%2F%2FKKziu53PdFHnstDkDlGSAizFXZnIYHHvhHcuZ%2FkMLcPEFiDcbswghWw3%2BIByOa0jCVNQVnCDoA%3D%3D&nvMid=29030420587&catId=50001519
Apple 아이폰 13 128GB [자급제],"최저1,007,170원판매처 96",https://cr.shopping.naver.com/adcr.nhn?x=zieFujnYqQyACXrhNPTCE%2F%2F%2F%2Fw%3D%3Ds0UF203%2FB1aategEejjVlZpvLCZE3FkYburAoZafSjmtWQE1WikGGRjsm7ORTamZ7WkZlLbG8%2BPj5JCkfWp%2BhCo%2FrcO4D1RGSVJmjw2dOVzBnfR0qsns5mJjSYltK0OC8Jb%2FXas5V68%2BLQzZtXXW%2Bc0Pg%2F6PYJW9LpCSumzPJoiiI9aZyW4hhCgmcrsQhWGWG7TgBVo8UmYdzXRq3xjDWuvKAXVfyDB1yTbVYYpYzcFnUHxlEatbmVq7jmztE%2FywsihuPcAraw1a5fRiaLuFhzygId%2BzR02rbOpFBbe0NfCbDpmNu2Rs3tEPrV0ZTODsbWqyaFa2xLbpwGCJChqMDqqn6p0OnYVsXmaNEvxehHS0hIW%2Fufm4Ai1g%2Bbn5o8FWgvX82Y5Ils9cLeBDu1LyZB9piwhsOY7o4kcOdH1kNIASgIX25kXOk%2FUPdTKqFSCOqDgcKWP7TrEwfWP0fV1BFe9GBq212DKjwb1MxodOVeCv1JtnyFV8OD7Bngtl8x0Qvfm8I4%2BLwqxkEirhSi8uz%2FJyiZcGI%2BgcukjrzkUOs9JfvW2q1ZBpuV%2F%2FvtKUgTGHn4nNaz%2BNfsGMncCdGqi5rx727epoo7RVOS4mF6DTODajNjqh%2FZemCCOboDhnweAmG&nvMid=29030374587&catId=50001519
Apple 아이폰 13 프로 맥스 256GB [자급제],"최저1,515,110원판매처 74",https://cr.shopping.naver.com/adcr.nhn?x=1EMyzsPnSq1HUV%2BcctSdLf%2F%2F%2Fw%3D%3Ds7EacS9nGJG%2B1In3YSWMNDFzA7FSP260QOi4y8iV9BnlWQE1WikGGRjsm7ORTamZ7T2Ysiuq2HjBnAGNu3yQdHY%2FrcO4D1RGSVJmjw2dOVzBnfR0qsns5mJjSYltK0OC8Jb%2FXas5V68%2BLQzZtXXW%2Bc0Pg%2F6PYJW9LpCSumzPJoiiI9aZyW4hhCgmcrsQhWGWGGRvm2iC%2BAsbJBoGpPZJZjPKAXVfyDB1yTbVYYpYzcFnUHxlEatbmVq7jmztE%2FywsihuPcAraw1a5fRiaLuFhzygId%2BzR02rbOpFBbe0NfCbDpmNu2Rs3tEPrV0ZTODsbWqyaFa2xLbpwGCJChqMDqjAPzFQMsNdOKMq7PYub%2BmohIW%2Fufm4Ai1g%2Bbn5o8FWgvX82Y5Ils9cLeBDu1LyZBypx6ZcRQfXgzncMMBEUgSygIX25kXOk%2FUPdTKqFSCOqDgcKWP7TrEwfWP0fV1BFewstxKXYfuaTY89uFKbdXCB8yCKT6GPhhsVeKu8TBI1nmWXdAuntmcqbOFOk%2BQxKwb3EHiGgBiCEEZyXK87%2B6sVW26LkBNK%2BncQB41GzDqSeramjBwCZI9AwCV4mCTWQmb2V5%2B7Y2IPe41Oy%2FG7sZm4a6RNS2ZR5zfFaDCXw0LLIy1Vhq%2FH77x9Zlr1IFzyuow%3D%3D&nvMid=29030294588&catId=50001519
Apple 아이폰 13 미니 256GB [자급제],"최저1,009,930원판매처 78",https://cr.shopping.naver.com/adcr.nhn?x=Ia6mCy%2Fc6kOrdCNwST62%2Bf%2F%2F%2Fw%3D%3Dsqh%2BzFGPkUm%2FKmeOg8MmbZclgtitpVlP0qKOeJIbo%2FFRWQE1WikGGRjsm7ORTamZ70zPEMd%2F477LlP5O16i50Bo%2FrcO4D1RGSVJmjw2dOVzBnfR0qsns5mJjSYltK0OC8Jb%2FXas5V68%2BLQzZtXXW%2Bc0Pg%2F6PYJW9LpCSumzPJoiiI9aZyW4hhCgmcrsQhWGWGEhUbZ%2FNZ8avqUf6HuykXvPKAXVfyDB1yTbVYYpYzcFnUHxlEatbmVq7jmztE%2FywsihuPcAraw1a5fRiaLuFhzygId%2BzR02rbOpFBbe0NfCbDpmNu2Rs3tEPrV0ZTODsbWqyaFa2xLbpwGCJChqMDqpQuy7oMBnz4i9Bkr16aMuUhIW%2Fufm4Ai1g%2Bbn5o8FWgvX82Y5Ils9cLeBDu1LyZB41vDPeUC6vlzxc6Eqi5lWSgIX25kXOk%2FUPdTKqFSCOqDgcKWP7TrEwfWP0fV1BFe1sCXnT5UXlCQtowxOY7437PxSH%2BMhjwnhZYEHfltYfSuwP9L0j7YvHB2OKNn2rLcBHbteU1Q6ANQyq40fPs0I6AJZTkEjQPLfYZ4npXenSC%2BgtF15PMkmjkNDmi88yMRRSID5Ajru9ve15my3ZVgZ1jtEEnHZo%2B%2FVuCJHvsmHjrDVCYCaeglF2rgr1u2OQIzQ%3D%3D&nvMid=29030437590&catId=50001519
Apple 아이폰 13 프로 맥스 128GB [자급제],"최저1,389,850원판매처 26",https://cr.shopping.naver.com/adcr.nhn?x=QM0NFuvov0h%2F4v2Pb1m7Hv%2F%2F%2Fw%3D%3DsLy5ULJUEtqcAu6jzae8a%2BZEhRLNqQCs0d0R8IFzz05kbsBKbbjTB%2BBCjsLv6tz%2Bj0TjaGSYix%2F5HoeO3nmfyABqUqyROcyMcQIKycC0%2B7wLqupnHaWuI%2FblaMRmzKTLZpyeKspGo9uRG%2Fs1JiH0kwEgAn8lD2%2BxrgblrBqYwPdWug%2B9sjA7rHdeMLkY%2BwIMUnr7qtY8dVn8btdAmR5NIrzQZD6UDT51Dg8nNb9lI8fV%2BFLPJmN7kd5F0maTGsL0cOBzw1aVR0eWfV98wIs37swbXYxIPgTJ%2Bv2uLpay9ATTIt9ELSj9ZgOwWGT6cXiS3NUJnit2TyE8yh3GxJ0fiPG68etcC1l7Hc1mPwbo%2Fx%2FtSLEyl3Ptt%2BZg5mCcjyAV9V36ogsAbT2GMBHUreotiQCeTsyTB5GpGfLe6wFlaIikFcpavKWx1vLc7CftxjIoGBHNOS04mwbf2sLSii8Aqp5Oqo4P%2Fvtch20ezpv9dvrQbWIG80tV4Ayn74fJIYXZ5dSPBAwoeZ9kQaz1H%2FmDOAV%2FGvx7zzjxLg3dQnv82WDWAd9kv86VcW2kR8XddGSm33ynYqMEl3rEVVphnc%2BzqPN6rWPACeQJ%2BBC%2F1v46t%2B8Zf2L9PjL%2BlJq2zRcx%2Bm88hVoWd0jB03C5aYq3HUc1IKtSSLJQZncWk8e8Ttfjz6Fs%3D&nvMid=29030367587&catId=50001519
Apple 아이폰 13 프로 맥스 512GB [자급제],"최저1,766,930원판매처 50",https://cr.shopping.naver.com/adcr.nhn?x=bkQlk9InVn3DhX80U0iH2%2F%2F%2F%2Fw%3D%3Ds41PLBw2GrusbyDD3zsIZkkm1kV9eo5X6zTn%2FFGstfrJWQE1WikGGRjsm7ORTamZ7t5j06%2FCVbtXjCrfS%2FK2yu4%2FrcO4D1RGSVJmjw2dOVzBnfR0qsns5mJjSYltK0OC8Jb%2FXas5V68%2BLQzZtXXW%2Bc0Pg%2F6PYJW9LpCSumzPJoiiI9aZyW4hhCgmcrsQhWGWGOUisOr%2FsrM0gmiALHeCsDvKAXVfyDB1yTbVYYpYzcFnUHxlEatbmVq7jmztE%2FywsihuPcAraw1a5fRiaLuFhzygId%2BzR02rbOpFBbe0NfCbDpmNu2Rs3tEPrV0ZTODsbWqyaFa2xLbpwGCJChqMDqhCDkHl7NgG2JGy8Son%2FiichIW%2Fufm4Ai1g%2Bbn5o8FWgvX82Y5Ils9cLeBDu1LyZB7Ix0YmQDjwu%2B6ceCS7nAOGgIX25kXOk%2FUPdTKqFSCOqDgcKWP7TrEwfWP0fV1BFewstxKXYfuaTY89uFKbdXCDH4SrsWpoFz%2BRKRpabrMWFmWXdAuntmcqbOFOk%2BQxKwTsYpWArfrP4OWQG6aF6ItheaRz4xLLlvM3ip8nwyC8IramjBwCZI9AwCV4mCTWQmQPBPXWVF4h%2B9EhWARjDC%2BJPmVSMhNbI3BtJnZwkTuX9y1Vhq%2FH77x9Zlr1IFzyuow%3D%3D&nvMid=29029192586&catId=50001519
Apple 아이폰 13 프로 맥스 1TB [자급제],"최저2,017,990원판매처 39",https://cr.shopping.naver.com/adcr.nhn?x=99ShaqWx1nw9vQTIIR45ov%2F%2F%2Fw%3D%3DspGtjSgiil8dBKPlzN9b71guX6oWQiFTlb7IMI3kmq0RWQE1WikGGRjsm7ORTamZ7un1I5dD6xiyjo2cFAwjr64%2FrcO4D1RGSVJmjw2dOVzBnfR0qsns5mJjSYltK0OC8Jb%2FXas5V68%2BLQzZtXXW%2Bc0Pg%2F6PYJW9LpCSumzPJoiiI9aZyW4hhCgmcrsQhWGWGqB%2BYf8KVu5Lizs8e93TFS%2FKAXVfyDB1yTbVYYpYzcFnUHxlEatbmVq7jmztE%2FywsihuPcAraw1a5fRiaLuFhzygId%2BzR02rbOpFBbe0NfCbDpmNu2Rs3tEPrV0ZTODsbWqyaFa2xLbpwGCJChqMDqsTj6CcBiUxuIYBeJMprLXkhIW%2Fufm4Ai1g%2Bbn5o8FWgvX82Y5Ils9cLeBDu1LyZB3bUHNfZblfibjObOf5QHNigIX25kXOk%2FUPdTKqFSCOqDgcKWP7TrEwfWP0fV1BFewstxKXYfuaTY89uFKbdXCAngbNOOFnVRD%2B%2Bv4MVHpuoFFcURuJXcA9fpBODYEj4ujTaLVTowASY8dTSt1bXfvO3XA5126vWYoQWjRyxJmcriA3%2FU2AzguC84AnoS7Lq%2BQrWY6itk2MeDAOFiCgId4aFLqja84uhdz9OmxNXb3bOhWw3%2BIByOa0jCVNQVnCDoA%3D%3D&nvMid=29029192590&catId=50001519
Apple 아이폰 13 프로 512GB [자급제],"최저1,609,900원판매처 68",https://cr.shopping.naver.com/adcr.nhn?x=Rm1EcxHvhGIrSt5JN%2FoZS%2F%2F%2F%2Fw%3D%3DsJH6A0dd91zKGbDxM590iEUW3S7R2g%2BEFzqGISl1pKkRhJz9H0Ub4KLvuVTVtNMxM6OiSzWbydWUMY9yHZnyirULUj%2FKiKMTQ7SSlrCkLQvXrKYJNPr4%2BHv1tJOe5sbgLBjhmLmuAJSw64cQcvLGO8ci30QtKP1mA7BYZPpxeJLexWvZfe2todmJfmpbNrXnqlDPFdx1sLuYHxlc7aw3L%2Brix7jXt7MNVc9AIu4EfDZlNEwRr%2B3STfYHGn%2FB5b3e4IAGdniVp3MBLDRJHVTvZhdmbxdQ3i5A4g9ptj4Z2jwpD4P%2Bj2CVvS6QkrpszyaIoCuwrUM2Vi5bq9fxYHuPhKQAca1dtU56ovW4hMJYii3Mttm1tFlmcA6felGtVk6jxDG4evy%2BM13j64UYOnhTyGU0FiWwIxIduXBdsb%2BmkDoh6K503jBTFiO%2BslOwbxo4OpOVXrumE0IYWoVbuYGHPlT4OngYKgyg9ZO2oWjkSR%2BpWfyGhvOKhC5sogwlOWguqhOBUHb0ZqO6MTkr8MsJnIZAJ%2BQtpxfRx8YuzlqIPnky46%2F0TjKvQ%2BRIjz1LpkoDpEaThcwm2jOjlPe7qD4n467LqWmxN3jbDyrV2J9a9j6SScdPhrqEveINz%2B4DE6u%2BBgqgOvq6z5EpEI5N2xav1Mg%3D%3D&nvMid=29030416587&catId=50001519
Apple 아이폰 13 미니 512GB [자급제],"최저1,292,000원판매처 55",https://cr.shopping.naver.com/adcr.nhn?x=DhdhhCrhmh%2B4dXEpXqATSf%2F%2F%2Fw%3D%3DsOw5Mn7AYlZnjLpYvbuaZcamkJ6NfCTcu4%2FvMklG6NjphJz9H0Ub4KLvuVTVtNMxML8je209Si638jScDLrQ%2BBkLUj%2FKiKMTQ7SSlrCkLQvXrKYJNPr4%2BHv1tJOe5sbgLBjhmLmuAJSw64cQcvLGO8ci30QtKP1mA7BYZPpxeJLexWvZfe2todmJfmpbNrXnqsbuGkiliGuKFQrhO3KCkYbix7jXt7MNVc9AIu4EfDZlNEwRr%2B3STfYHGn%2FB5b3e4IAGdniVp3MBLDRJHVTvZhdmbxdQ3i5A4g9ptj4Z2jwpD4P%2Bj2CVvS6QkrpszyaIoCuwrUM2Vi5bq9fxYHuPhKV7yAKNk0RY8ytincgLL18ixrLt9plkzyv8NwSBZd1XODG4evy%2BM13j64UYOnhTyGeYipIg4GgIIEEx2vgG55OR6K503jBTFiO%2BslOwbxo4OpOVXrumE0IYWoVbuYGHPlV4nVlpZlOp63ers57eQ7rdWfyGhvOKhC5sogwlOWguqhOBUHb0ZqO6MTkr8MsJnIbm93U%2FLd21hbDHZ%2FkgN%2BYlSVfDDs8RIdcO1Vp%2Bk6BC8EaThcwm2jOjlPe7qD4n469E%2BIQYDZPqpgKk6wa8vLi9MGCLNPTohHUlBUuMZuK8rgqgOvq6z5EpEI5N2xav1Mg%3D%3D&nvMid=29030296587&catId=50001519
Apple 아이폰 13 512GB [자급제],"최저1,328,900원판매처 36",https://cr.shopping.naver.com/adcr.nhn?x=Lxq3h5g26Zd9ENusUnvK5v%2F%2F%2Fw%3D%3DsJ7C0WTi7bq7xdfGb2ZGcSB8Laif5FICMESjaw9m6tplhJz9H0Ub4KLvuVTVtNMxMg0Int2SbrsWdevfWx3nGhELUj%2FKiKMTQ7SSlrCkLQvXrKYJNPr4%2BHv1tJOe5sbgLBjhmLmuAJSw64cQcvLGO8ci30QtKP1mA7BYZPpxeJLexWvZfe2todmJfmpbNrXnqMp%2F9XPfjTZN93E2a1T98erix7jXt7MNVc9AIu4EfDZlNEwRr%2B3STfYHGn%2FB5b3e4IAGdniVp3MBLDRJHVTvZhdmbxdQ3i5A4g9ptj4Z2jwpD4P%2Bj2CVvS6QkrpszyaIoCuwrUM2Vi5bq9fxYHuPhKc64q131gC%2BHs1IDXUP%2BEmOxrLt9plkzyv8NwSBZd1XODG4evy%2BM13j64UYOnhTyGQiyMS50HH1zP4CriMRlyVIGVJjQOIMS03m13YAnzFDQpOVXrumE0IYWoVbuYGHPlSGgI4zFgG5Liqop01AWGezlE80KNwbfNxekQsGJejRksTXhzeKkynwlV5iG42bUw08sc606ZEwvQ8vwtWnOt3fJVCQY3YkI6Qjzj%2FSuZctZjXh5XLjrT8%2FyXF1Uhdiu40YOPI2cTQklrxxeJdum9wJWhZ3SMHTcLlpircdRzUgq1JIslBmdxaTx7xO1%2BPPoWw%3D%3D&nvMid=29030496586&catId=50001519
Apple 아이폰 13 프로 1TB [자급제],"최저1,892,330원판매처 38",https://cr.shopping.naver.com/adcr.nhn?x=m0NJmLMusxmWOMlRfirV%2Ff%2F%2F%2Fw%3D%3Dse99IXEnpxOuUQenn86rQtuFspVPYqX0t88YZymX8XhRhJz9H0Ub4KLvuVTVtNMxMxaxMq4NxM51w7OPHfPOOaULUj%2FKiKMTQ7SSlrCkLQvXrKYJNPr4%2BHv1tJOe5sbgLBjhmLmuAJSw64cQcvLGO8ci30QtKP1mA7BYZPpxeJLexWvZfe2todmJfmpbNrXnqM3WLqq0EN7lRPuVNhhc%2BTLix7jXt7MNVc9AIu4EfDZlNEwRr%2B3STfYHGn%2FB5b3e4IAGdniVp3MBLDRJHVTvZhdmbxdQ3i5A4g9ptj4Z2jwpD4P%2Bj2CVvS6QkrpszyaIoCuwrUM2Vi5bq9fxYHuPhKQjzIWXafqI1JNSCUb59h8Px8c0KkFK6gT8BAtmgXx%2BHDG4evy%2BM13j64UYOnhTyGftHLjvFm4JZSt2I03JvIhPdcKGS8K3v9HOi3wvF0LzmpOVXrumE0IYWoVbuYGHPlT4OngYKgyg9ZO2oWjkSR%2Bo%2FPj2tyPie5WFGVZwWrShn8jR8gVF8FlQ9pItE8Zzc8kDcOTltB%2BSxWBB9IUfXZmo4AJ9Vyq9rWnWSffdZvAZ3jr%2Fvhuz%2FM2bOeEg7k3nONbtl3bC0GK8EhTDijhaG%2BqrAjvHbKujLraF8ZWxiIpqOQdAiJdwXirBRdnaxfvrBbw%3D%3D&nvMid=29029192588&catId=50001519
Apple 아이폰 13 미니 256GB [LG U+],"최저140,200원판매처 17",https://cr.shopping.naver.com/adcr.nhn?x=Tj%2FKY3goDze7QOHwqiXAkv%2F%2F%2Fw%3D%3DsboZCHpKJGWTQn4BBwGSPR1%2FnBgSL6mKL6DzN2QH54kwbsBKbbjTB%2BBCjsLv6tz%2BjeuVbLvCyH%2FpIQ8a%2FSaQ5t7qy3h9wJHjXg9GwRJR0cjLqupnHaWuI%2FblaMRmzKTLZpyeKspGo9uRG%2Fs1JiH0kwEgAn8lD2%2BxrgblrBqYwPdWug%2B9sjA7rHdeMLkY%2BwIMUH9J2IBuyzX11BjOUDWY3GjQZD6UDT51Dg8nNb9lI8fV%2BFLPJmN7kd5F0maTGsL0cOBzw1aVR0eWfV98wIs37swbXYxIPgTJ%2Bv2uLpay9ATTIt9ELSj9ZgOwWGT6cXiS3NUJnit2TyE8yh3GxJ0fiPJxCGD3cyYT95umsCnlE6ToryxPh76unCYKKULTyYmMZV36ogsAbT2GMBHUreotiQGIz0RKbEoNsaEhnvB7EHmigB09OXDpsiP5QJZaSRUerBHNOS04mwbf2sLSii8Aqp5QK0GC9q1JIUUXqyu366aXaaJchyUzH6IoBpPML77tQo64ifB9DVeZ8ffla9GlFduxRbay0Xw00nGqIWWSN%2BnP2qt3LGnJZLVfWkGVlCXPAjr%2Fvhuz%2FM2bOeEg7k3nONSDzm1hcJQ%2BL74s%2FV0wCw1Ha5bSY0T1s0lMURSOlWdDHQdAiJdwXirBRdnaxfvrBbw%3D%3D&nvMid=29030376589&catId=50000248
Apple 아이폰 13 프로 128GB [LG U+],"최저632,000원판매처 18",https://cr.shopping.naver.com/adcr.nhn?x=fZJ%2F%2F8bkI2umVjmGAP1GGv%2F%2F%2Fw%3D%3DsCkugLLErxH85K4%2FqY%2Bn7D5jyUG7ePLjwKJ%2B90KUkYxUbsBKbbjTB%2BBCjsLv6tz%2BjXfjVvQAM1oNjkznCgawD1VwHMN%2BPXOAW7%2FyxHPp8YeHqupnHaWuI%2FblaMRmzKTLZpyeKspGo9uRG%2Fs1JiH0kwEgAn8lD2%2BxrgblrBqYwPdWug%2B9sjA7rHdeMLkY%2BwIMUAcBTqEozy4pkQ0spRQIsFTQZD6UDT51Dg8nNb9lI8fV%2BFLPJmN7kd5F0maTGsL0cOBzw1aVR0eWfV98wIs37swbXYxIPgTJ%2Bv2uLpay9ATTIt9ELSj9ZgOwWGT6cXiS3NUJnit2TyE8yh3GxJ0fiPN7JTnRbamkUizNmwoNuKgUfl1MWorvG101DFbI58MQwV36ogsAbT2GMBHUreotiQOb7T2xFuh8SBE5B8r8zWcNyKaL5CAkTBUhWXdKgfR0gBHNOS04mwbf2sLSii8Aqp5Oqo4P%2Fvtch20ezpv9dvrSXFkGRdxnfJx8VHwzQNT%2F9o64ifB9DVeZ8ffla9GlFdrs4%2BiYqW8CHo4CrLULyf8j1wTOx2BgAkSitn4k6iDkojr%2Fvhuz%2FM2bOeEg7k3nONdCGc%2FrR6K9PnzxFgwxx3MjVi9IRtsCmQ8IfpnxrV0SHQdAiJdwXirBRdnaxfvrBbw%3D%3D&nvMid=29030175590&catId=50000248
Apple 아이폰 13 미니 128GB [LG U+],"최저81,950원판매처 16",https://cr.shopping.naver.com/adcr.nhn?x=lNpDGapOG2wasqYRvINRyP%2F%2F%2Fw%3D%3Ds0fNHggfKlfQYfi73osik1AbM58ZqRJSzeD3hTFhjLhxWQE1WikGGRjsm7ORTamZ7AxXjYNAij71KYXw2HSeXZY%2FrcO4D1RGSVJmjw2dOVzBnfR0qsns5mJjSYltK0OC8Jb%2FXas5V68%2BLQzZtXXW%2Bc0Pg%2F6PYJW9LpCSumzPJoiiI9aZyW4hhCgmcrsQhWGWGJotMI0cao4vCmnMLYrRgWPKAXVfyDB1yTbVYYpYzcFnUHxlEatbmVq7jmztE%2FywsihuPcAraw1a5fRiaLuFhzygId%2BzR02rbOpFBbe0NfCbDpmNu2Rs3tEPrV0ZTODsbWqyaFa2xLbpwGCJChqMDqnwhaHki8jgjHW6Frp8bYychIW%2Fufm4Ai1g%2Bbn5o8FWg5HUJqI12Vlp80UoFc6QYeDiePjCyvORURlHLcLCzL7egIX25kXOk%2FUPdTKqFSCOqDgcKWP7TrEwfWP0fV1BFe2dFqn9EtHPPkp8WxjFFMRQEiaNfJtI8%2BWxAc1EGc8qsV5wvSck0MfgYLl2aZJDmmpiNZ0CqZF6i88GF%2F%2FmIw9RRQ%2BSir7CWpZkTpmTiT5MajHbngYGRGDbpl%2FQKUKYUolXUAd%2FIzeP5penaJ6TCO53ke%2FVP%2BgM94BPZkP5YJ%2Bex&nvMid=29030431586&catId=50000248
Apple 아이폰 13 프로 256GB [LG U+],"최저761,800원판매처 20",https://cr.shopping.naver.com/adcr.nhn?x=lPypajZnhfDe%2BZFKi%2BfRq%2F%2F%2F%2Fw%3D%3DsISQFnv0pQDhvqhLuWOZ2E90XqIuRjYHucEOMUdsO7xphJz9H0Ub4KLvuVTVtNMxM4Fvdp7jz4rWDLvA10D3CsELUj%2FKiKMTQ7SSlrCkLQvXrKYJNPr4%2BHv1tJOe5sbgLBjhmLmuAJSw64cQcvLGO8ci30QtKP1mA7BYZPpxeJLexWvZfe2todmJfmpbNrXnqiHryMIa0vOlFa0dwxiKn27ix7jXt7MNVc9AIu4EfDZlNEwRr%2B3STfYHGn%2FB5b3e4IAGdniVp3MBLDRJHVTvZhdmbxdQ3i5A4g9ptj4Z2jwpD4P%2Bj2CVvS6QkrpszyaIoCuwrUM2Vi5bq9fxYHuPhKf9n2Q46yvVTF3PjtqmXD%2F%2B%2BrYjj1rljEAxvTi5bvWsbnuI%2B1Uju%2BRLjWLfBBmiitFvJu4cVk1Aik3Q3RwhsuJEGVJjQOIMS03m13YAnzFDQpOVXrumE0IYWoVbuYGHPlT4OngYKgyg9ZO2oWjkSR%2BrKu8lNHMUv5FO70BFiZvG%2BXGfKYExq7uG4FGIUYcPNsd8lRtzAmyOoHCO5wQt5wej2%2Bg%2B0eoUFZrXbWT3x0qCpezdPirNIEhU3YcDKwV2g5C2t56QtmldT7dhJOu9lcFNvU2Y6hEEwGxc1AZfON9sL4VRAH%2BsMDObarUodGweR8Q%3D%3D&nvMid=29030415586&catId=50000248
Apple 아이폰 13 미니 512GB [LG U+],"최저417,800원판매처 19",https://cr.shopping.naver.com/adcr.nhn?x=boEVanUVl5TkkkqrOgJ7bf%2F%2F%2Fw%3D%3DsU4sCgNpyGhmdNLdMUeAtqCELKTDJpb4Fmb2MU1ihGDxhJz9H0Ub4KLvuVTVtNMxM1kTMGhbaCFfcdIblLP3QXULUj%2FKiKMTQ7SSlrCkLQvXrKYJNPr4%2BHv1tJOe5sbgLBjhmLmuAJSw64cQcvLGO8ci30QtKP1mA7BYZPpxeJLexWvZfe2todmJfmpbNrXnqmNCzWTrruETuuT6FCzP1m7ix7jXt7MNVc9AIu4EfDZlNEwRr%2B3STfYHGn%2FB5b3e4IAGdniVp3MBLDRJHVTvZhdmbxdQ3i5A4g9ptj4Z2jwpD4P%2Bj2CVvS6QkrpszyaIoCuwrUM2Vi5bq9fxYHuPhKYZZDrbLJXpCjLX4FFiCf9rx8c0KkFK6gT8BAtmgXx%2BHnuI%2B1Uju%2BRLjWLfBBmiitL92wdCev2p%2BPJeUdf%2FrdJwGVJjQOIMS03m13YAnzFDQpOVXrumE0IYWoVbuYGHPlV4nVlpZlOp63ers57eQ7rdBQx2J0IovtSa9qv9oplPOXGfKYExq7uG4FGIUYcPNsde4hS0%2FZ%2F1PF%2BkS0nEzUYzgAlAOJIlrAKI5iXgxIrRQezdPirNIEhU3YcDKwV2g5NE%2B5leXibFqClM1oBSqgh5vU2Y6hEEwGxc1AZfON9sL4VRAH%2BsMDObarUodGweR8Q%3D%3D&nvMid=29030419586&catId=50000248
Apple 아이폰 13 프로 맥스 256GB [LG U+],"최저959,600원판매처 16",https://cr.shopping.naver.com/adcr.nhn?x=Xw8New2BGSc3DwOurvt2OP%2F%2F%2Fw%3D%3Ds98j5nAMTrGGiKtwXHbEmYUF5HjqUyomvJUqKuDaMxcBhJz9H0Ub4KLvuVTVtNMxM2bYzxBbQ%2FtFbf5wD5v0ApkLUj%2FKiKMTQ7SSlrCkLQvXrKYJNPr4%2BHv1tJOe5sbgLBjhmLmuAJSw64cQcvLGO8ci30QtKP1mA7BYZPpxeJLexWvZfe2todmJfmpbNrXnqXLTN90WNo2bfYUnKxvyYpLix7jXt7MNVc9AIu4EfDZlNEwRr%2B3STfYHGn%2FB5b3e4IAGdniVp3MBLDRJHVTvZhdmbxdQ3i5A4g9ptj4Z2jwpD4P%2Bj2CVvS6QkrpszyaIoCuwrUM2Vi5bq9fxYHuPhKY3rtAdUY5%2FY4jHnnEegpUr3TVxbaQ5XTWazgxT%2FaMLPnuI%2B1Uju%2BRLjWLfBBmiitC7DwhzaADBIgYyz73ApyNUGVJjQOIMS03m13YAnzFDQpOVXrumE0IYWoVbuYGHPlT4OngYKgyg9ZO2oWjkSR%2Brj2QpgSv5B1RXu5oYW4Au7Dk5yE3l1CIhgE97RznNBm0yqOQp5S6zvj2nGzC%2BV8RGeTgG6i02lxQfhICFWK5J9iA3%2FU2AzguC84AnoS7Lq%2BVPqpR0fr3WVikMUBYssA0CFtWmhz6rAMzr%2BP9%2BIpXsUhWw3%2BIByOa0jCVNQVnCDoA%3D%3D&nvMid=29030190586&catId=50000248
Apple 아이폰 13 128GB [LG U+],"최저424,700원판매처 17",https://cr.shopping.naver.com/adcr.nhn?x=ElOxjwTNQvAysktd4wrjFv%2F%2F%2Fw%3D%3DsshYbunHmlYpOQ0%2BotWvWaZQk3EJrlHFDQW5hKxcFLFYbsBKbbjTB%2BBCjsLv6tz%2BjYbo6y0kNuveSpjIit%2BGxoCdeew1ZIqR2sTE7JvbKQjDqupnHaWuI%2FblaMRmzKTLZpyeKspGo9uRG%2Fs1JiH0kwEgAn8lD2%2BxrgblrBqYwPdWug%2B9sjA7rHdeMLkY%2BwIMUFmk%2BqOAYZ5fpO5tbZSUWBjQZD6UDT51Dg8nNb9lI8fV%2BFLPJmN7kd5F0maTGsL0cOBzw1aVR0eWfV98wIs37swbXYxIPgTJ%2Bv2uLpay9ATTIt9ELSj9ZgOwWGT6cXiS3NUJnit2TyE8yh3GxJ0fiPHkf%2BvxL2gNmGWLbe84OJ4dtvRY1pVYGm6v5l3RCYv0fV36ogsAbT2GMBHUreotiQGIz0RKbEoNsaEhnvB7EHmj5MGA5PbR7L8Pv%2BuDz8pz2BHNOS04mwbf2sLSii8Aqp0xDOzDDdF6utT1dcI8%2FNEb%2FzaVgfXndF2fkBs0qzZTvfpF8bfclcJjAeddKIqLqoDoip95lQwprILHSnd7GWqqhYZ%2FhI%2FkN84je6k%2F%2BbfyXE6xlxRKxvQ7OEQ07Ymy1ahaCk%2Bqm%2FlfvQ8whjc4N1X3ke%2FVP%2BgM94BPZkP5YJ%2Bex&nvMid=29030372586&catId=50000248
Apple 아이폰 13 프로 맥스 128GB [LG U+],"최저818,100원판매처 14",https://cr.shopping.naver.com/adcr.nhn?x=5neMYvlBnMsNney8gRR8uv%2F%2F%2Fw%3D%3DsLqlkZJThWxBmE%2BFaza%2BD3w1qmYSnMO2uQPH9%2Bx9L11NWQE1WikGGRjsm7ORTamZ7fscyHwbwyQwqBqRRq%2FdJz4%2FrcO4D1RGSVJmjw2dOVzBnfR0qsns5mJjSYltK0OC8Jb%2FXas5V68%2BLQzZtXXW%2Bc0Pg%2F6PYJW9LpCSumzPJoiiI9aZyW4hhCgmcrsQhWGWGxThvsaGr%2Fa3dcgYtXiYoe%2FKAXVfyDB1yTbVYYpYzcFnUHxlEatbmVq7jmztE%2FywsihuPcAraw1a5fRiaLuFhzygId%2BzR02rbOpFBbe0NfCbDpmNu2Rs3tEPrV0ZTODsbWqyaFa2xLbpwGCJChqMDqrJXG8rJk49BHotDYyiro6UhIW%2Fufm4Ai1g%2Bbn5o8FWg5HUJqI12Vlp80UoFc6QYeFAwQoRgC339I9STwi4QoBCgIX25kXOk%2FUPdTKqFSCOqDgcKWP7TrEwfWP0fV1BFewstxKXYfuaTY89uFKbdXCBnNIpXZ6JpFuXu4mDB8qpphOBUHb0ZqO6MTkr8MsJnIYRnFa3gQRfPn0pBtj5EKzSegaC%2FjIawpIIM%2B87%2F9KAdEs8cFUTVf2EXpmSuc9bAhDyHLPf1Qty8BD4vt2R9rxHzq5Y%2FCIR8yMew5XAS%2BOAEHRyPBWbUFRhWScTsgQynPg%3D%3D&nvMid=29030352586&catId=50000248
Apple 아이폰 13 프로 512GB [LG U+],"최저1,097,400원판매처 24",https://cr.shopping.naver.com/adcr.nhn?x=OUhWF7J8HIbFk0WK81oTJf%2F%2F%2Fw%3D%3Ds5VZCvCxQX4NmHYMIo7JQNOpNCh2OxbJurxYoa3kgXHwbsBKbbjTB%2BBCjsLv6tz%2Bjm%2BGMuiNuwbsCjuVqhvA7v9wfcYTW3eP1spYsIp5%2B2lDqupnHaWuI%2FblaMRmzKTLZpyeKspGo9uRG%2Fs1JiH0kwEgAn8lD2%2BxrgblrBqYwPdWug%2B9sjA7rHdeMLkY%2BwIMUmRDWhNotjbnuwU%2BcfNUqnjQZD6UDT51Dg8nNb9lI8fV%2BFLPJmN7kd5F0maTGsL0cOBzw1aVR0eWfV98wIs37swbXYxIPgTJ%2Bv2uLpay9ATTIt9ELSj9ZgOwWGT6cXiS3NUJnit2TyE8yh3GxJ0fiPIt4AGuK6R9uVoAIK7j0SK5v8wsughWiecD0Zw7dgEDQV36ogsAbT2GMBHUreotiQM%2B1GXEMHEEEtbIxbZbpI2zjJQkc%2FWODDk%2FMZaJ3pFT9BHNOS04mwbf2sLSii8Aqp5Oqo4P%2Fvtch20ezpv9dvrS06jXEgaeNsqFLv3fj2Nc5o64ifB9DVeZ8ffla9GlFdhNVXGCUQXGNEI8kHjDwCBkI%2BTZyed6gLpBv0X%2FKp6LqEs8cFUTVf2EXpmSuc9bAhO2IjH7ODZ87Damv1aHD0nZenASlNY7oEy0SeRpXQ5jSHRyPBWbUFRhWScTsgQynPg%3D%3D&nvMid=29030295586&catId=50000248
Apple 아이폰 13 256GB [LG U+],"최저543,900원판매처 14",https://cr.shopping.naver.com/adcr.nhn?x=bm02erwkXenuYjowCQI6If%2F%2F%2Fw%3D%3DsvfyZKX0%2B2C0rQQssa8fRrcKsDZEzig%2BoVu0MzFQgD2hhJz9H0Ub4KLvuVTVtNMxM5AH2dQfM0Fl3lq6WJuDf00LUj%2FKiKMTQ7SSlrCkLQvXrKYJNPr4%2BHv1tJOe5sbgLBjhmLmuAJSw64cQcvLGO8ci30QtKP1mA7BYZPpxeJLexWvZfe2todmJfmpbNrXnqxxsm%2FS7PvYrIy2gc0Hbz67ix7jXt7MNVc9AIu4EfDZlNEwRr%2B3STfYHGn%2FB5b3e4IAGdniVp3MBLDRJHVTvZhdmbxdQ3i5A4g9ptj4Z2jwpD4P%2Bj2CVvS6QkrpszyaIoCuwrUM2Vi5bq9fxYHuPhKTYPfxZLqDFcS5CiYRG8gKZdX%2BPXlT5vJRMjdjDiAW4ynuI%2B1Uju%2BRLjWLfBBmiitLmyZeSqqBHMFkutnkb8hqDdcKGS8K3v9HOi3wvF0LzmpOVXrumE0IYWoVbuYGHPlfGaapYga7HBhJBzvlCStfgZyVXP8MBx51PcdtMFtsvBK2ud1b%2BfZwYPU0n%2BzLfOdR2mh%2BO8topHoZXPmeNqQ9KtqaMHAJkj0DAJXiYJNZCZnekDnZNGRJyFus6YjXMTFEgb4zZXvMdLiTjDJmQcDl9oaKZHilHbuauHUigNM5KA&nvMid=29030189588&catId=50000248
Apple 아이폰 13 512GB [LG U+],"최저839,000원판매처 17",https://cr.shopping.naver.com/adcr.nhn?x=Zki54QzLiZoyGrzWIq6uX%2F%2F%2F%2Fw%3D%3DsZe5H4r72jxWnTbbRFsEUQheddPDX%2BffhqEiSGmmvRp9hJz9H0Ub4KLvuVTVtNMxMVuuTROnsE7O9jQFzBSPzN0LUj%2FKiKMTQ7SSlrCkLQvXrKYJNPr4%2BHv1tJOe5sbgLBjhmLmuAJSw64cQcvLGO8ci30QtKP1mA7BYZPpxeJLexWvZfe2todmJfmpbNrXnqJg934XoEkbAciqCMIan0C7ix7jXt7MNVc9AIu4EfDZlNEwRr%2B3STfYHGn%2FB5b3e4IAGdniVp3MBLDRJHVTvZhdmbxdQ3i5A4g9ptj4Z2jwpD4P%2Bj2CVvS6QkrpszyaIoCuwrUM2Vi5bq9fxYHuPhKf6N4Rgqi9ZtZ5mfVPdD5Lc2EAH6m3KD2dhtBIeDjEKFnuI%2B1Uju%2BRLjWLfBBmiitLfQD6Hkd%2BZrumekvCYf4UgGVJjQOIMS03m13YAnzFDQpOVXrumE0IYWoVbuYGHPlSGgI4zFgG5Liqop01AWGewZyVXP8MBx51PcdtMFtsvBK2ud1b%2BfZwYPU0n%2BzLfOdbIg5mzJd%2FxXX2xlQQytux2tqaMHAJkj0DAJXiYJNZCZ%2Fqxv%2B4YHAeo9Bk3YXMvMbKxF%2F%2FcvHNA1GNfi87KEgvNoaKZHilHbuauHUigNM5KA&nvMid=29030296586&catId=50000248
Apple 아이폰 13 프로 맥스 512GB [LG U+],"최저1,321,000원판매처 8",https://cr.shopping.naver.com/adcr.nhn?x=CdHIbU%2FsgR1AQwcnJFQgSP%2F%2F%2Fw%3D%3DsLSi5lvfS6fWCKdAkdvAe4HpLUEzh6S0CaoBb2MQTAmthJz9H0Ub4KLvuVTVtNMxMkBuBg9uxfjdFBIoe7fxQKkLUj%2FKiKMTQ7SSlrCkLQvXrKYJNPr4%2BHv1tJOe5sbgLBjhmLmuAJSw64cQcvLGO8ci30QtKP1mA7BYZPpxeJLexWvZfe2todmJfmpbNrXnqC8G1K0WqC%2BMx%2Bsb%2BJ3EYX7ix7jXt7MNVc9AIu4EfDZlNEwRr%2B3STfYHGn%2FB5b3e4IAGdniVp3MBLDRJHVTvZhdmbxdQ3i5A4g9ptj4Z2jwpD4P%2Bj2CVvS6QkrpszyaIoCuwrUM2Vi5bq9fxYHuPhKdYbGMixVHzjuQOt8LhImG7KlU0Dx%2FPAUOmtfPVtkRdsnuI%2B1Uju%2BRLjWLfBBmiitCN2SpOnJ%2BLQ1VAlepxrmH7cEUMk%2BYg0ZV3bZSl4pTyypOVXrumE0IYWoVbuYGHPlT4OngYKgyg9ZO2oWjkSR%2BrV%2FYr%2Bs30Lb7e1asgYvYb8Dk5yE3l1CIhgE97RznNBm0yqOQp5S6zvj2nGzC%2BV8RFsho5CvJ%2BLWvmwkrLDXCJqDWrhHEcp0p%2F%2FKKziu53PdJMhHgdddXbp1qM38znS%2FdIKOc50PEL7Pb10pXPd1S5MhWw3%2BIByOa0jCVNQVnCDoA%3D%3D&nvMid=29030181590&catId=50000248
Apple 아이폰 13 프로 1TB [LG U+],"최저1,426,200원판매처 9",https://cr.shopping.naver.com/adcr.nhn?x=hxfIOL0vp9yfHqUwdk2%2F8v%2F%2F%2Fw%3D%3DsV5NJebYYXsFIGxZDvtC1owhVoHPaSbVTrO0pqawcLhdhJz9H0Ub4KLvuVTVtNMxMsXnAJ%2BKWH9DIBfb3ImsAZ0LUj%2FKiKMTQ7SSlrCkLQvXrKYJNPr4%2BHv1tJOe5sbgLBjhmLmuAJSw64cQcvLGO8ci30QtKP1mA7BYZPpxeJLexWvZfe2todmJfmpbNrXnqXjTaYLCBU0RKnrlIKcfhorix7jXt7MNVc9AIu4EfDZlNEwRr%2B3STfYHGn%2FB5b3e4IAGdniVp3MBLDRJHVTvZhdmbxdQ3i5A4g9ptj4Z2jwpD4P%2Bj2CVvS6QkrpszyaIoCuwrUM2Vi5bq9fxYHuPhKVG10tcK6CHsxsf3O0eBZwMqh9OWAnfgH2Yxbrekm27xnuI%2B1Uju%2BRLjWLfBBmiitFHrqzn2uDMx9fSm7VRv%2FpsGVJjQOIMS03m13YAnzFDQpOVXrumE0IYWoVbuYGHPlT4OngYKgyg9ZO2oWjkSR%2BrB%2FDJCOEMt67pAoo8Ur8ApQbJE2qH6sAOiEA%2FCWTmW%2B9DUKkfOS6PLJDcjWC%2FhbxVlOA%2BoI%2F5EnF9h3LJwPkcG1W%2BfrCsViFxcA2Q%2B8AdjW9Fx5EcNnZMJDYn4etLpIc4DfkLIyuldBS3f8m8e6nLmzUhNzs2VE%2B%2Bisqs3JAEppg%3D%3D&nvMid=29030294586&catId=50000248
Apple 아이폰 13 프로 맥스 1TB [LG U+],"최저1,580,200원판매처 6",https://cr.shopping.naver.com/adcr.nhn?x=LQ6ZRjsdjNtxolyw5ANch%2F%2F%2F%2Fw%3D%3DstLDnYwhxvjb7zeZSol00Wqob346F4%2FYiDAkI%2FOjnnhphJz9H0Ub4KLvuVTVtNMxM7IwiuN%2Fd9b9Y%2FWoA%2FctaeELUj%2FKiKMTQ7SSlrCkLQvXrKYJNPr4%2BHv1tJOe5sbgLBjhmLmuAJSw64cQcvLGO8ci30QtKP1mA7BYZPpxeJLexWvZfe2todmJfmpbNrXnqtEOmvpx%2BMqvJh%2Birm3Rmqrix7jXt7MNVc9AIu4EfDZlNEwRr%2B3STfYHGn%2FB5b3e4IAGdniVp3MBLDRJHVTvZhdmbxdQ3i5A4g9ptj4Z2jwpD4P%2Bj2CVvS6QkrpszyaIoCuwrUM2Vi5bq9fxYHuPhKaJxURyDGzN%2BJORbST70H5r0AHueRey14nXJnFqBlFuSnuI%2B1Uju%2BRLjWLfBBmiitLy9VXoFixJ1kHnvUte9QY96K503jBTFiO%2BslOwbxo4OpOVXrumE0IYWoVbuYGHPlT4OngYKgyg9ZO2oWjkSR%2BpfZ5NSLzQ16v7Ns2qbx0o0ocw36emOWauNlqG7SEpRs0sZ%2FFof9Fvo4Q%2B9cWSMUxUITTUpRhLSdv1yUzHFV%2FuPYnHIcETcJifOE8sb44IMxWjwij6SOg9YtUsQRzX7uDoxOtTaE0LgHtSMfrkRgoduDhLBwu%2FFQS5xWYf5w6G3jQ%3D%3D&nvMid=29030181587&catId=50000248
Apple 아이폰 13 자급제 핑크 256GB,"1,168,500원",https://cr.shopping.naver.com/adcr.nhn?x=OwqWCg7B5FGKAW%2FLyxKyCf%2F%2F%2Fw%3D%3Ds3GwQEBpBSRi2qfRnZL3z%2FskwvULtnHkLFMFuT29d8HYbsBKbbjTB%2BBCjsLv6tz%2BjScIFxgWjAcRMAChHJCCi6UAmkxWMg7sDOc5tn9ns1FnqupnHaWuI%2FblaMRmzKTLZpyeKspGo9uRG%2Fs1JiH0kwHULJJH%2BMKqMyaVu%2BUeO3m60%2B85WmSKK5LY2dJjcChMGEH%2BAaYhDPzU3ewm5W9RQFe%2FnI3Hg9RH4gJ1st0gLvsRLYwI%2BzV%2BLV9pbZYyYzf8VVMaaCnplpQ3O5KzC6zSA%2B7S5nP%2B8vPWPfSBwfu8dRnXCxktc9HEPb3jW9971WNfUIdPy9DIguuxGBk7rPKeKpN9%2BKy%2Fm0d%2BgYWHtEf61Jo4AUk0tbEb%2BPaAR8Zvsauh4GeI68IKQZetW4b1lCFIQO5t5z482y%2BdivedH7i8mI4pXfqiCwBtPYYwEdSt6i2JA%2BIONQrX%2FZ2lB5MpEplb2caBIbdd9Zhp1pBS%2FpUFEtmIJYq2oTMcSZCfks52RD10qrIJxoXYLzbDfcL4LF3u7hLJdGfQAhgzNRTj9G%2FRqn51dnvoolkKVNouiKxvFitIQmNft4lAnlS5VxG0ghAo5fL8t0Ww2mBtqw84tc6A7mGL0I3%2BKyVeUCuENrJ7Vsoh43smC4qrR4C7OHT7U2bRcDWjn4iA113rmYWRRM91hCK4OEsHC78VBLnFZh%2FnDobeN&nvMid=29064755783&catId=50001519
Apple 아이폰 13 mini 자급제 128GB 핑크,"902,500원",https://cr.shopping.naver.com/adcr.nhn?x=iEYa3qfP%2ByIAGfrlu9RIrP%2F%2F%2Fw%3D%3DshsQU8FREIsPQuDebXiEjcvas9RBFZgwXtHoD%2FW3kiyQbsBKbbjTB%2BBCjsLv6tz%2BjTvHNhbbzDR4uVOheckO2Kj4to%2BjJfDmIB09e36ofWe%2FqupnHaWuI%2FblaMRmzKTLZpyeKspGo9uRG%2Fs1JiH0kwHULJJH%2BMKqMyaVu%2BUeO3m60%2B85WmSKK5LY2dJjcChMGEH%2BAaYhDPzU3ewm5W9RQFdZvC7h88OrTsd6pZT12o8hoCkj07qdDsSAIfJ4r0cnfE8Sq47jeI0NlqEn6ftOJSbS5nP%2B8vPWPfSBwfu8dRnX5JxNvFCNt0XI8Qeyc2N7kIdPy9DIguuxGBk7rPKeKpN9%2BKy%2Fm0d%2BgYWHtEf61Jo4AUk0tbEb%2BPaAR8Zvsauh41nojXFwdWzNyLtg94LSV%2BVUw%2FrxwiHNoYf49Bx400L1XfqiCwBtPYYwEdSt6i2JAFzzHx3gdCC0WZk2%2B52CBuMADw5jjKNTjABrjV9rfa2IJYq2oTMcSZCfks52RD10qZu4C4QxzR8Lg1KBZKrR%2Fsb4%2FZIMlHPJzHco0%2Bo3KsywK9jdfcH0xpqoXRt2Y6fO%2BIiM%2FrDOpkm95Bfxnh%2BM6c5yEL%2BZ5Qc7KOmjOjXSG%2F%2FfL07boOLwoxL6IajskM%2BfZQXYZmhIrje3j8EytFd90rqcg5RkxQKLYFNMzVy3mxPtoaKZHilHbuauHUigNM5KA&nvMid=29619937553&catId=50001519
Apple 아이폰 13 mini 자급제 256GB 핑크,"1,035,500원",https://cr.shopping.naver.com/adcr.nhn?x=nvIhtZY22OIFNK%2BGHT9shv%2F%2F%2Fw%3D%3DsxKxgs4NOW5mD%2FCaDlhcehCaKJ8nCIQLFYej1W988CotWQE1WikGGRjsm7ORTamZ7PcD4kBhB8ul4lOzQrX02XI%2FrcO4D1RGSVJmjw2dOVzBnfR0qsns5mJjSYltK0OC8mlpxRsTFQQbflzCf4xc6KnzmYN%2Fcvl75AGnByk2TjWEm5OY6%2FBA05LWPXaqTF3xXnI3Q%2FuFm111yFJnQ1iq5BxkZ7hw%2FtxVhT2jrdwZs57zZ8xWORluCSTI8I6r7h1xK6kk6ZGtD96iRw55GBYR9DBrt4JMenQXuEMAeojVWpXe%2FS4s3HGg3WgZmk6Yelqq1ZyzBiAoGIgU8YvouNLhDEVVd6Z%2BmZ5fvTALbBBPmfKLmnGLANk9TjQtjOEdf9xG%2F%2F23RiKaRiQjE0Q3KWVzXvz2M3mI0cjzy%2FkCMStsf8pC9fzZjkiWz1wt4EO7UvJkH33IqWNOloJNcf4rh7pzdYktB7vhOx0nxSI7ZizhQJ8uN4%2FbarDGulZ7nI%2BlTukuYR6LHkW4HERjxr6Asf%2BUX4YZT%2FdRYwapfnesHvLSQXIylkX647Zdjjw9%2Br5Mcvp%2BaltGXiS5gTdijjIB2RXnI5OgozD5NQbmq8wjbsbFhtOBpENE%2FgGJ0MxFp4zMeIS%2FLpclkFGSWpsBUB7uHYqhX8TJJTfObxYJaI64BoeCwdHiCqA6%2BrrPkSkQjk3bFq%2FUy&nvMid=29064819083&catId=50001519
Apple 아이폰 13 mini 자급제 256GB 스타라이트,"1,024,600원",https://cr.shopping.naver.com/adcr.nhn?x=RCC%2BUfGIRqQjr3VX%2Fh9JW%2F%2F%2F%2Fw%3D%3DsDOtULzV%2B3tp8l%2FFxSrsZbdhd185uTJbXA6GqX6VYCW8bsBKbbjTB%2BBCjsLv6tz%2BjfyWerPd0aCQfgp6bpDJwhW43fvEm%2F3VmWl4XjGV4TbLqupnHaWuI%2FblaMRmzKTLZpyeKspGo9uRG%2Fs1JiH0kwHULJJH%2BMKqMyaVu%2BUeO3m60%2B85WmSKK5LY2dJjcChMGEH%2BAaYhDPzU3ewm5W9RQFdZvC7h88OrTsd6pZT12o8hDtLxmD04N5v2JFVWHVZQMqwo6ialiM20vrGKNJaUXlrS5nP%2B8vPWPfSBwfu8dRnVWi0LkcJ3BE4%2FnlnpjtJG8IdPy9DIguuxGBk7rPKeKpN9%2BKy%2Fm0d%2BgYWHtEf61Jo4AUk0tbEb%2BPaAR8Zvsauh4qPg8Jr8hvlC%2FOmGOxvh13Ss0rskIXNOFKsikiqxgHDdXfqiCwBtPYYwEdSt6i2JAs%2B3womCg2SMZp0gWRofST%2BHd88iJy0VeeI%2FsP4esdVYJYq2oTMcSZCfks52RD10qZu4C4QxzR8Lg1KBZKrR%2FsYAV14bcmSViYETGWD%2FjOaC36EaPJmzWEMMTDOVTzHjSC%2Bp633m53JCQqoKkv9VJyLLpkHAmNIhzM9H5djyfL4g2SHsuP855jmXs4cm4xjTCNh7qNxdenwANMAOm%2Bp4SMqEE73fOdnOPd8IAb6O5xGV1m1pOJ3aA3jZt5mGeN%2B%2FFQdAiJdwXirBRdnaxfvrBbw%3D%3D&nvMid=29056389772&catId=50001519
APLLE 아이폰13 미니 128GB 미개통 미개봉 새상품,"696,480원",https://cr.shopping.naver.com/adcr.nhn?x=gHLAvPbiU5H1Kwz02hFYg%2F%2F%2F%2Fw%3D%3Dsezj6qPaodNLVWF9LjjK9QlOSe9V5jkDHj6u%2FAV4nqOdWQE1WikGGRjsm7ORTamZ7324%2BFzbhl8bWjcIJ0Qbum4%2FrcO4D1RGSVJmjw2dOVzBnfR0qsns5mJjSYltK0OC8d3UIb9hf6VomUnq%2B6BVdCLD9cbDzdvBhYP28y8rhu4mr9N9rARz1GwL8SD%2B61y0rt5oGhDt3TbX1M0SeMU%2BznQYaayJwCJtxrbEfVIcdGWlLBc0BlYUxOUfIY269BgeUM8OkYitpuK2na6nToNpF%2BLngnxQ7ssMZd09T0OjyjIxearTBvydD1LUI3JWpCADIB%2BvrttUDcisY2AneOsX%2FEV2tT2AG9M5jxdXEaCkbHF0xYFp37rSBc68UJDTFWoWi94RwXjHaF%2BN7xGuHjB8tZYLTMvLed%2F4hK0RrW%2FSgkAQ7xbbH7oY5TjiGNj4vbVukznQOCQmQQl29et65ZxXkRp1f97U2jd6OPtEX73hNNJzm3eyD8FXR%2FU4cyJZmmw%2F318iA6nwwZgR6FG81igzCREHC7E16OqV2sgkcAOy6Xf3ZlVYLDEJpnI8cF6CMPSIW6POGuvcALmhsQBelCKzzWBuNIAK1gB2nwYXAppTvVZOFbDf4gHI5rSMJU1BWcIOg&nvMid=29003990842&catId=50001519
Apple 아이폰 13 자급제 블루 128GB,"1,024,600원",https://cr.shopping.naver.com/adcr.nhn?x=7yvQKQsPMfAESm8wzrJ6Xv%2F%2F%2Fw%3D%3DsIzj0ZzHyoM%2BvjdpUoDmetagj5cecMjrTc3JMXUyJ%2BIdhJz9H0Ub4KLvuVTVtNMxMpbv5KcKW2Bwo6lvNGxxphkLUj%2FKiKMTQ7SSlrCkLQvXrKYJNPr4%2BHv1tJOe5sbgLBjhmLmuAJSw64cQcvLGO8W3JzeXxkSdTecfUR4%2FvRQjd%2BKwjnmE8nmku4yNhWgwhmfLAARyRl0caaiEG3Q2bqyz6dcaQz9e%2ByYAHgK2%2BPMo47rUI1KGNvNa3fmjQmhl5bSfgMmFF7VTwhVMNFNU0PaK5uUEs%2BqMGnIyvfnClDLB3h%2FMZI7%2B9zZQCN8a2Nl5cW%2B%2BeW%2BvGS9PFoDOi6t5BS8v%2BjB2erv%2BZ%2Brrs5VHOiTRLlIk0uAh1LVcUK1nkYRMYYmPwiVbnazYGofjFgM1kGd9NvYMIZ6TPgBmIi2Oqj3QMbh6%2FL4zXePrhRg6eFPIZXOkoiM7dVLqSPb68aSPQ9HornTeMFMWI76yU7BvGjg6beybS%2FJS7KxefviT1VQ9NklQfeGzfkb6SzbSTnuqGgKsZHXzNaBStyYzSlZRdE%2FJ1Mx8FEceX4AKLQwemv4gfm6rwmAKgKiAybUGvwL01g9ifq1Q41OlXDGUTnWZksrnZzXcIDlhxr42NEaBtBZhGoE6s0WfFYKPcWoyzx53KLAsnRa6ZotK3LG1qTeCl7a1B0CIl3BeKsFF2drF%2B%2BsFv&nvMid=29619782067&catId=50001519
Apple 아이폰 13 Pro Max 자급제 시에라 블루 128GB,"1,460,200원",https://cr.shopping.naver.com/adcr.nhn?x=D1%2Bec5F7zYAToFb0zKXX9v%2F%2F%2Fw%3D%3DsNl1%2F1DQgupaIgGLgHS7X3lsq9D2IVuZMH7LIcbSt4M0XfmlaZeQqomjdtI9e3qsmjUOUkVDezVceM0nywYEoCVJP2JbK6NMOtwhK2HEn1f5GByvqw5B2iPs5x0jBLPT0tm%2FbNvgJmgUY2zHAFVmChsFHZ6YjirkEyx0YsOhRCZckyuYW9oo962E4ptNomafywHqMnMyYVR%2FZquKYSw5qnHiPX2gaYYUtVGkkd8LUm964brm%2BxOxCCvh4Zos5i%2Bk3MY5K6ZfYriRBCXuhAWV9KOCjFM9DiUfZuD%2FNGNGii05LBc0BlYUxOUfIY269BgeUM8OkYitpuK2na6nToNpF%2BLngnxQ7ssMZd09T0OjyjIxearTBvydD1LUI3JWpCADIVTF1U%2FjFSGuG%2BhQHmrQD7MwbTEAr1wVvO2n0AgOB91JsXg5lUvZD9zC7Fi9WJJOH9bryKGx83nw5TI9dyTV3OdSXUxvoKYPFHUCS1w8lsqdMxUUwg%2FGi6Nkc25p4LOg%2B2zLA2qTKSfa8nYoG9ZlQaiWvzhGlFmWgQsyekTUJDHIEtfanKEPnM4osCmuWbMD60zZNqdkHoDc4prBr0jboEnz1E5JlYS8ceQeVX618MVur7VAb36ErED7xDOmVlGU6cl51eqzQuV4lftSBJ2fyupuj%2BpywCivZewu6wWoRhX0DfkLIyuldBS3f8m8e6nLmzUhNzs2VE%2B%2Bisqs3JAEppg%3D%3D&nvMid=30797875281&catId=50001519
Apple 아이폰 13 Pro 자급제 512GB 시에라 블루,"1,636,800원",https://cr.shopping.naver.com/adcr.nhn?x=QPwbU67Pwq5ivwvQXgLXV%2F%2F%2F%2Fw%3D%3Dssw4fO%2BLGNXy1AgLF5uDKOFv3a%2FDX447dEofbesYDFQgbsBKbbjTB%2BBCjsLv6tz%2BjHK%2FsZYYPhSC8Y772cG%2BgOT5vXBm0dfm6H5P60GyYaTHqupnHaWuI%2FblaMRmzKTLZpyeKspGo9uRG%2Fs1JiH0kwHULJJH%2BMKqMyaVu%2BUeO3m60%2B85WmSKK5LY2dJjcChMGEH%2BAaYhDPzU3ewm5W9RQFSU%2Fm2xqZqjSx%2FWWVKZa%2B%2BbZfIeW3Bq36sM7ljzNtGJdSpJ56msPYkYRNHP5RfVBc7S5nP%2B8vPWPfSBwfu8dRnV8ulaDHrVK6woVgZl%2FOSwxIdPy9DIguuxGBk7rPKeKpN9%2BKy%2Fm0d%2BgYWHtEf61Jo4AUk0tbEb%2BPaAR8Zvsauh4wOcl761PH4K2fe5tbFy1wUKd4V7epNRl586S36xts4FXfqiCwBtPYYwEdSt6i2JAeiWC4CsPJu31wT2vLVdUG3h4qrbWt5Xvcnn1QTXaJY0JYq2oTMcSZCfks52RD10qXOKkxLitOE7gJ6D2vr0XnX2KAPsO5U1Hyy0IheHoG9Lrf5d4l3fNMY6tJIzpm7a7C%2Bp633m53JCQqoKkv9VJyJ2Mz7oH4zSFPOD%2B6Gi9GfzOb4m6BuPh6V%2Fo1ZO7BmvlJkuG9vZf7BYl5QvGJsOQ072UK6y8yFtj2sXyNVBR9cdG2Jg0QjwSomFKlwdOlGelHRyPBWbUFRhWScTsgQynPg%3D%3D&nvMid=29060734140&catId=50001519
해외아이폰13 / 13 미니 미국 직구 iPhone13 무음 카메라 관부가세포함,"1,050,000원",https://cr.shopping.naver.com/adcr.nhn?x=W1dAufHEv5nMaDxSVeY7Bf%2F%2F%2Fw%3D%3DsLTehddAVw9zoHXh3%2Fh7xZhMP8JzZIvaHZEYSOVWv%2B3FWQE1WikGGRjsm7ORTamZ7gs9i1rnoGmoevz1%2FGnOvFI%2FrcO4D1RGSVJmjw2dOVzBnfR0qsns5mJjSYltK0OC8Jb%2FXas5V68%2BLQzZtXXW%2Bc7uVw3GdaDAvxDSjC3cnt2Z%2F22ms%2BW8TiQQNz%2FOHMMFFximrbVncrG6l13QD61rV9w6x3JQjWTz1tl9jR5DawNRjI50HZy%2FcLV2dSyPQS0HhEIZJB1yuP5kkcuYnGBP9u2mBhaY7DfgPiltXqur9doJnID8MC2fpCoA6DOD22a2A02u828vzWit6ztBSJh1NmQacbYAqjA%2FRBJSjG7ZMNVy6eYq%2F81h3YBTSWovx3whCeTxswSpjtmly9xBJ22QymOBsyy4CO%2B0moz2v7zHRCQr%2FXbg0Xe4hrfCjADIc2%2BHVl0lySFdzeDNtyMNHUmUoiVk3DyV8nLSCFVyr5X0WnQG4uvyyOrcQ8pCeA73nzekfPrRKTbTtBOpOa6oh6%2FhqduL7lkUN8PfmvXQEVm1dMqnmELFO07QEQYUyi%2Bk709RTBCjBi%2F7GOWrZDzamfNsJSrdO6ZhH9fFhgW39j2ILdFCJh1Sp%2Bnr0p4uxezu680ycy1Vhq%2FH77x9Zlr1IFzyuow%3D%3D&nvMid=83250971273&catId=50001519
Apple 아이폰 13 자급제 미드나이트 128GB,"1,007,360원",https://cr.shopping.naver.com/adcr.nhn?x=MnXWvcaTRvCY4QMRoRFs7%2F%2F%2F%2Fw%3D%3Ds5ob8r4D0HJ7ZTKweAJhZFga9VM0lWRCt5rqYCUVwLL9hJz9H0Ub4KLvuVTVtNMxMdrgzqtKMCskWMY%2FCvvEKCULUj%2FKiKMTQ7SSlrCkLQvXrKYJNPr4%2BHv1tJOe5sbgLBjhmLmuAJSw64cQcvLGO8W3JzeXxkSdTecfUR4%2FvRQjd%2BKwjnmE8nmku4yNhWgwhmfLAARyRl0caaiEG3Q2bqyz6dcaQz9e%2ByYAHgK2%2BPMpreeRb%2BXbjVwdVaNHdj7gxwg14MxPlq0emfDUgKhktmaK5uUEs%2BqMGnIyvfnClDLBQEmt9L8fJJDH2OKu5Ow5UW%2B%2BeW%2BvGS9PFoDOi6t5BS8v%2BjB2erv%2BZ%2Brrs5VHOiTRLlIk0uAh1LVcUK1nkYRMY35de7pgeKuvxGNzvdGN0IV4pNDnLoaa56Ox1Vt7ar0kMbh6%2FL4zXePrhRg6eFPIZZcoVQ232aKvQNH%2FYqF0qdnornTeMFMWI76yU7BvGjg6beybS%2FJS7KxefviT1VQ9NklQfeGzfkb6SzbSTnuqGgOKmWRQCfoyj6w5bOYulPe5JFjzbTvRM6RUWx5xxQXhJlTd8Df5JkLn44JhxqeI70aO8TkxEg1D%2B1yTWyMavEdUugiDh5S8n%2B7Rc0MeNuzgd7t4kKIBOzuZiOyDyHWlOX379%2F%2FVXZX%2FB%2BeyOsRNfiZ%2Fke%2FVP%2BgM94BPZkP5YJ%2Bex&nvMid=29056433547&catId=50001519
아이폰13 미니 256GB 자급제 미개통 새상품,"836,910원",https://cr.shopping.naver.com/adcr.nhn?x=fVx3CtC8g4JdEt6H0nuyX%2F%2F%2F%2Fw%3D%3DsWy%2FK5lpl0XZw1lKqBRCJmGE%2BhuSMf7JbynV1xOOcFD1hJz9H0Ub4KLvuVTVtNMxMaF4ZiVQyImw%2FD%2Bl0iwxvikLUj%2FKiKMTQ7SSlrCkLQvXrKYJNPr4%2BHv1tJOe5sbgLmDQXxXLnToTHukcQgJJfiu0JZ4vKXq2xVuFay0gNbwiO%2FsdgQE5FIA0Tw1QMogpFg7NIKD3uyprxAqgjm9s3n9NIlNaXcFJT4nlkSy8tNzDUdbWcNDjaOS%2BJ%2Fpuja6egZyzBiAoGIgU8YvouNLhDEVVd6Z%2BmZ5fvTALbBBPmfKLmnGLANk9TjQtjOEdf9xG%2F9Kbaf%2Bs46nY4bFSwXpWZPt56e8FhialbFpMXVc68wrH1weJu5wrfvRUFgIuwANioztX76qTtUxX9H5XuMxN9vJga96vkTny6QqegmA7aLt7pTAmpGgLtQz2noxLeOhYDsW1tVrdzW8qrZxlSi3tIJnUmm3szFmlCuqSJNu%2BRJI5s4kSnIUT%2B3twRsCCJRLf5DvRo01z9djVPOmDqpoeAW5rrcL8FQibTTA9hMbN%2FvfUqEcjYLvXN9392saZBqPdsbJrlDgucHJb1pwusBSJHKD8s49bSjBf0SdvrVBl%2BFHAGruH08DlKshetxY8KUEZb&nvMid=30259190791&catId=50001519
해외아이폰13 / 아이폰13 미니 그린 무음카메라 홍콩 언락폰 듀얼유심 페덱스 전세계 배송,"890,000원",https://cr.shopping.naver.com/adcr.nhn?x=9ttTpok1d%2BluuSv2%2F9v%2FgP%2F%2F%2Fw%3D%3Ds%2FaLXJaFvxZCEndeJBo0B31oNA%2FnLZd0TvS80YSmBCD9WQE1WikGGRjsm7ORTamZ7O3oGrD5pE3K%2F%2F156z2UOR4%2FrcO4D1RGSVJmjw2dOVzBnfR0qsns5mJjSYltK0OC8Jb%2FXas5V68%2BLQzZtXXW%2Bc7uVw3GdaDAvxDSjC3cnt2Z%2F22ms%2BW8TiQQNz%2FOHMMFFZ%2FiV9sdCqeTJ1d8HulL3jg6x3JQjWTz1tl9jR5DawNRjI50HZy%2FcLV2dSyPQS0HhEIZJB1yuP5kkcuYnGBP9u2Qvkl1McMi1HJJ7bnAAAbWcQZdRPGZofh3X%2BJZpGpcfhqQvwmR%2FqlT0jQuNbOPrwsmP3itKb8qXOjq1xYmGk2LUcRwDxWxsjD3nNjvsZJ5gkcJhBU0uTW5xNjhnsS1TheVJX7Cs9CAPDQg4J5wXA8RURB96x%2F2b6uzAWgstaLcU%2FvyFjNi5g%2FRk56mxPI4%2Fuu2ISG2ShOAqZimxE7YQ6%2FRADYxj91NwKy8MfAzHdKvwmXRh%2BBkTesrW4hReqM80mnRfymxjWE9ZBIElFOyfq3VrPClAkDpYXDm0Msz%2Fh52%2Bu98FSXAe4N%2FLikQ22MW3KEyBExyzcrNqNI4JsakVCajRdEIdGnP%2FcoQNltyO%2B9r1gWscZJ6xWDXqDQRgnJsiM%2FMP%2BI18sJKXZzwVHv%2B%2FC%2FQdHI8FZtQVGFZJxOyBDKc%2B&nvMid=83409625439&catId=50001519
